﻿KG-NR;GST-NR;A;OFFENE-GFN;GFT;R;GZ-PLAN;PLAN #27.03.2023/11:47#
"19321";".142/3";"";"";"";"reserviert";"1991-1";"Dipl.-Ing. Helmuth Sommer"
"19321";"8/4";"N";"886/2022/19";"GFT1";"";"";""
"19321";"13/47";"";"";"";"reserviert";"0000 Dummy";"Vermessungsamt St.Pölten"
"19321";"13/49";"";"";"";"reserviert";"3261/16";"Vermessung Loschnigg ZT OG"
"19321";"154/3";"";"";"";"reserviert";"4297";"Dipl.-Ing Helmut Sommer Vermessung Sommer ZT-GmbH"
"19321";"185/4";"";"";"";"reserviert";"5054";"Dipl.-Ing Helmut Sommer Vermessung Sommer ZT-GmbH"
"19321";"289/12";"";"";"";"reserviert";"18116";"Dipl.Ing. Vermessung Schubert ZT GmbH"
"19321";"289/13";"";"";"";"reserviert";"18116";"Dipl.Ing. Vermessung Schubert ZT GmbH"
"19321";"448/3";"";"";"";"reserviert";"3261/16";"Vermessung Loschnigg ZT OG"
